hotel_id,hotel_name,address,phone,website,image_url,description,area_id,city_id,prefecture_id,min_price_rest,min_price_stay,rating,review_id,review_user,review_rating,review_content,review_date
,HOTEL MODENA（モデナ）【HAYAMA HOTELS】,福岡県 エリア検索 福岡県ラブホテル 糟屋郡ラブホテル HOTEL MODENA（モデナ）【HAYAMA HOTELS】,,https://couples.jp/hotel-details/2815?source=couples.jp_pc&category=listing_hotelareas&position=top&range=514&hotel=2815,,HOTEL MODENA（モデナ）【HAYAMA HOTELS】は、天神・中洲・博多エリアに位置するホテルです。駐車場あり、駅からのアクセスも良好、Wi-Fi完備で、快適なひとときをお過ごしいただけます。,Hakata-ku,fukuoka-city, Fukuoka,,,,,,,,
,HOTEL PURE81（ピュア81）【HAYAMA HOTELS】,福岡県 エリア検索 福岡県ラブホテル 福岡市ラブホテル 福岡市中央区ラブホテル HOTEL PURE81（ピュア81）【HAYAMA HOTELS】,,https://couples.jp/hotel-details/51666,,HOTEL PURE81（ピュア81）【HAYAMA HOTELS】は、天神・中洲・博多エリアに位置するホテルです。駐車場あり、駅からのアクセスも良好、Wi-Fi完備で、快適なひとときをお過ごしいただけます。,Chuo-ku,fukuoka-city, Fukuoka,,,,,,,,
,HOTEL Aria (ホテル アリア),福岡県 エリア検索 福岡県ラブホテル 福岡市ラブホテル 福岡市博多区ラブホテル HOTEL Aria (ホテル アリア),,https://couples.jp/hotel-details/2720,,HOTEL Aria (ホテル アリア)は、天神・中洲・博多エリアに位置するホテルです。駐車場あり、駅からのアクセスも良好、カラオケ設備で、快適なひとときをお過ごしいただけます。,Hakata-ku,fukuoka-city, Fukuoka,,,,,,,,
,ホテル ＆MAX,福岡県 エリア検索 福岡県ラブホテル 福岡市ラブホテル 福岡市中央区ラブホテル ホテル ＆MAX,,https://couples.jp/hotel-details/1956,,ホテル ＆MAXは、天神・中洲・博多エリアに位置するホテルです。露天風呂やジャグジーを完備、駐車場あり、駅からのアクセスも良好で、快適なひとときをお過ごしいただけます。,Chuo-ku,fukuoka-city, Fukuoka,,,,,,,,
,HOTEL XYZ福岡 (ホテル エックスワイジー 福岡),福岡県 エリア検索 福岡県ラブホテル 福岡市ラブホテル 福岡市中央区ラブホテル HOTEL XYZ福岡 (ホテル エックスワイジー 福岡),,https://couples.jp/hotel-details/1665,,HOTEL XYZ福岡 (ホテル エックスワイジー 福岡)は、天神・中洲・博多エリアに位置するホテルです。駐車場あり、駅からのアクセスも良好、カラオケ設備で、快適なひとときをお過ごしいただけます。,Chuo-ku,fukuoka-city, Fukuoka,,,,,,,,
,HOTEL THE VENTURA 【HAYAMA HOTELS】,福岡県 エリア検索 福岡県ラブホテル 福岡市ラブホテル 福岡市博多区ラブホテル HOTEL THE VENTURA 【HAYAMA HOTELS】,,https://couples.jp/hotel-details/52206,,HOTEL THE VENTURA 【HAYAMA HOTELS】は、天神・中洲・博多エリアに位置するホテルです。露天風呂やジャグジーを完備、駐車場あり、駅からのアクセスも良好で、快適なひとときをお過ごしいただけます。,Hakata-ku,fukuoka-city, Fukuoka,,,,,,,,
,ホテル ロアンヌ,福岡県 エリア検索 福岡県ラブホテル 福岡市ラブホテル 福岡市博多区ラブホテル ホテル ロアンヌ,,https://couples.jp/hotel-details/1898,,ホテル ロアンヌは、天神・中洲・博多エリアに位置するホテルです。駐車場あり、駅からのアクセスも良好、カラオケ設備で、快適なひとときをお過ごしいただけます。,Hakata-ku,fukuoka-city, Fukuoka,,,,,,,,
,ホテル アマーレ,福岡県 エリア検索 福岡県ラブホテル 福岡市ラブホテル 福岡市博多区ラブホテル ホテル アマーレ,,https://couples.jp/hotel-details/1850,,ホテル アマーレは、天神・中洲・博多エリアに位置するホテルです。駐車場あり、駅からのアクセスも良好、カラオケ設備で、快適なひとときをお過ごしいただけます。,Hakata-ku,fukuoka-city, Fukuoka,,,,,,,,
,HOTEL 凛 (ホテル リン）【HAYAMA HOTELS】,福岡県 エリア検索 福岡県ラブホテル 福岡市ラブホテル 福岡市中央区ラブホテル HOTEL 凛 (ホテル リン）【HAYAMA HOTELS】,,https://couples.jp/hotel-details/1528,,HOTEL 凛 (ホテル リン）【HAYAMA HOTELS】は、天神・中洲・博多エリアに位置するホテルです。駐車場あり、駅からのアクセスも良好、Wi-Fi完備で、快適なひとときをお過ごしいただけます。,Chuo-ku,fukuoka-city, Fukuoka,,,,,,,,
,ブルーリバー 1991,福岡県 エリア検索 福岡県ラブホテル 福岡市ラブホテル 福岡市中央区ラブホテル ブルーリバー 1991,,https://couples.jp/hotel-details/21387,,ブルーリバー 1991は、天神・中洲・博多エリアに位置するホテルです。駐車場あり、駅からのアクセスも良好で、快適なひとときをお過ごしいただけます。,Chuo-ku,fukuoka-city, Fukuoka,,,,,,,,
,HOTEL Wing,福岡県 エリア検索 福岡県ラブホテル 福岡市ラブホテル 福岡市中央区ラブホテル HOTEL Wing,,https://couples.jp/hotel-details/21391,,HOTEL Wingは、天神・中洲・博多エリアに位置するホテルです。駅からのアクセスも良好で、快適なひとときをお過ごしいただけます。,Chuo-ku,fukuoka-city, Fukuoka,,,,,,,,
,CAS VI ROYEL,福岡県 エリア検索 福岡県ラブホテル 福岡市ラブホテル 福岡市中央区ラブホテル CAS VI ROYEL,,https://couples.jp/hotel-details/52217,,CAS VI ROYELは、天神・中洲・博多エリアに位置するホテルです。駅からのアクセスも良好で、快適なひとときをお過ごしいただけます。,Chuo-ku,fukuoka-city, Fukuoka,,,,,,,,
,HOTEL SUN ROAD（サンロード）【HAYAMA HOTELS】,福岡県 エリア検索 福岡県ラブホテル 糟屋郡ラブホテル HOTEL SUN ROAD（サンロード）【HAYAMA HOTELS】,,https://couples.jp/hotel-details/2816?source=couples.jp_pc&category=listing_hotelareas&position=bottom&range=514&hotel=2816,,HOTEL SUN ROAD（サンロード）【HAYAMA HOTELS】は、天神・中洲・博多エリアに位置するホテルです。露天風呂やジャグジーを完備、駐車場あり、駅からのアクセスも良好で、快適なひとときをお過ごしいただけます。,Hakata-ku,fukuoka-city, Fukuoka,,,,,,,,
,HOTEL CINDERELLA PALACE（シンデレラパレス）【HAYAMA HOTELS】,福岡県 エリア検索 福岡県ラブホテル 福岡市ラブホテル 福岡市博多区ラブホテル HOTEL CINDERELLA PALACE（シンデレラパレス）【HAYAMA HOTELS】,,https://couples.jp/hotel-details/3215?source=couples.jp_pc&category=listing_hotelareas&position=top&range=513&hotel=3215,,HOTEL CINDERELLA PALACE（シンデレラパレス）【HAYAMA HOTELS】は、福岡空港・大野城エリアに位置するホテルです。駐車場あり、駅からのアクセスも良好で、快適なひとときをお過ごしいただけます。,Hakata-ku,fukuoka-city, Fukuoka,,,,,,,,
,HOTEL 41AV－Part1 (ホテル フォーティワン アベニュー パートワン),福岡県 エリア検索 福岡県ラブホテル 大野城市ラブホテル HOTEL 41AV－Part1 (ホテル フォーティワン アベニュー パートワン),,https://couples.jp/hotel-details/2256,,HOTEL 41AV－Part1 (ホテル フォーティワン アベニュー パートワン)は、福岡空港・大野城エリアに位置するホテルです。駐車場あり、駅からのアクセスも良好、カラオケ設備で、快適なひとときをお過ごしいただけます。,Hakata-ku,fukuoka-city, Fukuoka,,,,,,,,
,HOTEL SAKURA-SAKU (ホテル サクラサク),福岡県 エリア検索 福岡県ラブホテル 大野城市ラブホテル HOTEL SAKURA-SAKU (ホテル サクラサク),,https://couples.jp/hotel-details/2254,,HOTEL SAKURA-SAKU (ホテル サクラサク)は、福岡空港・大野城エリアに位置するホテルです。駐車場あり、駅からのアクセスも良好、カラオケ設備で、快適なひとときをお過ごしいただけます。,Hakata-ku,fukuoka-city, Fukuoka,,,,,,,,
,HOTEL THE MOON（ザ・ムーン）【HAYAMA HOTELS】,福岡県 エリア検索 福岡県ラブホテル 福岡市ラブホテル 福岡市博多区ラブホテル HOTEL THE MOON（ザ・ムーン）【HAYAMA HOTELS】,,https://couples.jp/hotel-details/2251,,HOTEL THE MOON（ザ・ムーン）【HAYAMA HOTELS】は、福岡空港・大野城エリアに位置するホテルです。駐車場あり、駅からのアクセスも良好、カラオケ設備で、快適なひとときをお過ごしいただけます。,Hakata-ku,fukuoka-city, Fukuoka,,,,,,,,
,HOTEL VERT（ヴェール）【HAYAMA HOTELS】,福岡県 エリア検索 福岡県ラブホテル 福岡市ラブホテル 福岡市東区ラブホテル HOTEL VERT（ヴェール）【HAYAMA HOTELS】,,https://couples.jp/hotel-details/2819,,HOTEL VERT（ヴェール）【HAYAMA HOTELS】は、福岡空港・大野城エリアに位置するホテルです。駐車場あり、駅からのアクセスも良好、カラオケ設備で、快適なひとときをお過ごしいただけます。,Higashi-ku,fukuoka-city, Fukuoka,,,,,,,,
,HOTEL 41AV-ANNEX (ホテル フォーティワン アベニュー アネックス),福岡県 エリア検索 福岡県ラブホテル 大野城市ラブホテル HOTEL 41AV-ANNEX (ホテル フォーティワン アベニュー アネックス),,https://couples.jp/hotel-details/1872,,HOTEL 41AV-ANNEX (ホテル フォーティワン アベニュー アネックス)は、福岡空港・大野城エリアに位置するホテルです。駐車場あり、駅からのアクセスも良好、Wi-Fi完備で、快適なひとときをお過ごしいただけます。,Hakata-ku,fukuoka-city, Fukuoka,,,,,,,,
,HOTEL SUN ROAD（サンロード）【HAYAMA HOTELS】,福岡県 エリア検索 福岡県ラブホテル 糟屋郡ラブホテル HOTEL SUN ROAD（サンロード）【HAYAMA HOTELS】,,https://couples.jp/hotel-details/2816,,HOTEL SUN ROAD（サンロード）【HAYAMA HOTELS】は、福岡空港・大野城エリアに位置するホテルです。露天風呂やジャグジーを完備、駐車場あり、駅からのアクセスも良好で、快適なひとときをお過ごしいただけます。,Hakata-ku,fukuoka-city, Fukuoka,,,,,,,,
,HOTEL NEST (ホテル ネスト),福岡県 エリア検索 福岡県ラブホテル 福岡市ラブホテル 福岡市博多区ラブホテル HOTEL NEST (ホテル ネスト),,https://couples.jp/hotel-details/1741,,HOTEL NEST (ホテル ネスト)は、福岡空港・大野城エリアに位置するホテルです。露天風呂やジャグジーを完備、駐車場あり、駅からのアクセスも良好で、快適なひとときをお過ごしいただけます。,Hakata-ku,fukuoka-city, Fukuoka,,,,,,,,
,HOTEL OZ (ホテル オーゼット),福岡県 エリア検索 福岡県ラブホテル 大野城市ラブホテル HOTEL OZ (ホテル オーゼット),,https://couples.jp/hotel-details/2257,,HOTEL OZ (ホテル オーゼット)は、福岡空港・大野城エリアに位置するホテルです。露天風呂やジャグジーを完備、駐車場あり、駅からのアクセスも良好で、快適なひとときをお過ごしいただけます。,Hakata-ku,fukuoka-city, Fukuoka,,,,,,,,
,HOTEL le bruno（ル・ブルーノ）【HAYAMA HOTELS】,福岡県 エリア検索 福岡県ラブホテル 福岡市ラブホテル 福岡市博多区ラブホテル HOTEL le bruno（ル・ブルーノ）【HAYAMA HOTELS】,,https://couples.jp/hotel-details/2818,,HOTEL le bruno（ル・ブルーノ）【HAYAMA HOTELS】は、福岡空港・大野城エリアに位置するホテルです。駐車場あり、駅からのアクセスも良好で、快適なひとときをお過ごしいただけます。,Hakata-ku,fukuoka-city, Fukuoka,,,,,,,,
,HOTEL le Rouge（ルージュ）【HAYAMA HOTELS】,福岡県 エリア検索 福岡県ラブホテル 福岡市ラブホテル 福岡市東区ラブホテル HOTEL le Rouge（ルージュ）【HAYAMA HOTELS】,,https://couples.jp/hotel-details/1832,,HOTEL le Rouge（ルージュ）【HAYAMA HOTELS】は、福岡空港・大野城エリアに位置するホテルです。露天風呂やジャグジーを完備、駐車場あり、駅からのアクセスも良好で、快適なひとときをお過ごしいただけます。,Higashi-ku,fukuoka-city, Fukuoka,,,,,,,,
,HOTEL HAYAMA PALACE （葉山パレス） 【HAYAMA HOTELS】,福岡県 エリア検索 福岡県ラブホテル 福岡市ラブホテル 福岡市博多区ラブホテル HOTEL HAYAMA PALACE （葉山パレス） 【HAYAMA HOTELS】,,https://couples.jp/hotel-details/1831,,HOTEL HAYAMA PALACE （葉山パレス） 【HAYAMA HOTELS】は、福岡空港・大野城エリアに位置するホテルです。露天風呂やジャグジーを完備、駐車場あり、駅からのアクセスも良好で、快適なひとときをお過ごしいただけます。,Hakata-ku,fukuoka-city, Fukuoka,,,,,,,,
,ホテル プロミネンス,福岡県 エリア検索 福岡県ラブホテル 大野城市ラブホテル ホテル プロミネンス,,https://couples.jp/hotel-details/3356,,ホテル プロミネンスは、福岡空港・大野城エリアに位置するホテルです。駐車場あり、駅からのアクセスも良好、カラオケ設備で、快適なひとときをお過ごしいただけます。,Hakata-ku,fukuoka-city, Fukuoka,,,,,,,,
,ホテル リトルチャペルクリスマス 福岡,福岡県 エリア検索 福岡県ラブホテル 福岡市ラブホテル 福岡市博多区ラブホテル ホテル リトルチャペルクリスマス 福岡,,https://couples.jp/hotel-details/1166,,ホテル リトルチャペルクリスマス 福岡は、福岡空港・大野城エリアに位置するホテルです。駐車場あり、駅からのアクセスも良好、カラオケ設備で、快適なひとときをお過ごしいただけます。,Hakata-ku,fukuoka-city, Fukuoka,,,,,,,,
,HOTEL CINDERELLA PALACE（シンデレラパレス）【HAYAMA HOTELS】,福岡県 エリア検索 福岡県ラブホテル 福岡市ラブホテル 福岡市博多区ラブホテル HOTEL CINDERELLA PALACE（シンデレラパレス）【HAYAMA HOTELS】,,https://couples.jp/hotel-details/3215,,HOTEL CINDERELLA PALACE（シンデレラパレス）【HAYAMA HOTELS】は、福岡空港・大野城エリアに位置するホテルです。駐車場あり、駅からのアクセスも良好で、快適なひとときをお過ごしいただけます。,Hakata-ku,fukuoka-city, Fukuoka,,,,,,,,
,HOTEL 乱（ラン）【HAYAMA HOTELS】,福岡県 エリア検索 福岡県ラブホテル 福岡市ラブホテル 福岡市博多区ラブホテル HOTEL 乱（ラン）【HAYAMA HOTELS】,,https://couples.jp/hotel-details/2252,,HOTEL 乱（ラン）【HAYAMA HOTELS】は、福岡空港・大野城エリアに位置するホテルです。駐車場あり、駅からのアクセスも良好、カラオケ設備で、快適なひとときをお過ごしいただけます。,Hakata-ku,fukuoka-city, Fukuoka,,,,,,,,
,HOTEL 乱（ラン）【HAYAMA HOTELS】,福岡県 エリア検索 福岡県ラブホテル 福岡市ラブホテル 福岡市博多区ラブホテル HOTEL 乱（ラン）【HAYAMA HOTELS】,,https://couples.jp/hotel-details/2252?source=couples.jp_pc&category=listing_hotelareas&position=bottom&range=513&hotel=2252,,HOTEL 乱（ラン）【HAYAMA HOTELS】は、福岡空港・大野城エリアに位置するホテルです。駐車場あり、駅からのアクセスも良好、カラオケ設備で、快適なひとときをお過ごしいただけます。,Hakata-ku,fukuoka-city, Fukuoka,,,,,,,,
,HOTEL MILKYWAY,福岡県 エリア検索 福岡県ラブホテル 福岡市ラブホテル 福岡市中央区ラブホテル HOTEL MILKYWAY,,https://couples.jp/hotel-details/52222,,HOTEL MILKYWAYは、平尾・薬院エリアに位置するホテルです。駐車場あり、駅からのアクセスも良好、カラオケ設備で、快適なひとときをお過ごしいただけます。,Chuo-ku,fukuoka-city, Fukuoka,,,,,,,,
,ホテル シェモア,福岡県 エリア検索 福岡県ラブホテル 福岡市ラブホテル 福岡市中央区ラブホテル ホテル シェモア,,https://couples.jp/hotel-details/52218,,ホテル シェモアは、平尾・薬院エリアに位置するホテルです。駐車場あり、駅からのアクセスも良好で、快適なひとときをお過ごしいただけます。,Chuo-ku,fukuoka-city, Fukuoka,,,,,,,,
,ホテルオーゼ,福岡県 エリア検索 福岡県ラブホテル 福岡市ラブホテル 福岡市中央区ラブホテル ホテルオーゼ,,https://couples.jp/hotel-details/52215,,ホテルオーゼは、平尾・薬院エリアに位置するホテルです。駅からのアクセスも良好で、快適なひとときをお過ごしいただけます。,Chuo-ku,fukuoka-city, Fukuoka,,,,,,,,
,HOTEL acotte(ホテル アコッテ),福岡県 エリア検索 福岡県ラブホテル 福岡市ラブホテル 福岡市中央区ラブホテル HOTEL acotte(ホテル アコッテ),,https://couples.jp/hotel-details/1821,,HOTEL acotte(ホテル アコッテ)は、平尾・薬院エリアに位置するホテルです。駐車場あり、駅からのアクセスも良好で、快適なひとときをお過ごしいただけます。,Chuo-ku,fukuoka-city, Fukuoka,,,,,,,,
,HOTEL la mer（ラメール）【HAYAMA HOTELS】,福岡県 エリア検索 福岡県ラブホテル 福岡市ラブホテル 福岡市中央区ラブホテル HOTEL la mer（ラメール）【HAYAMA HOTELS】,,https://couples.jp/hotel-details/52211,,HOTEL la mer（ラメール）【HAYAMA HOTELS】は、那の津・港エリアに位置するホテルです。駐車場あり、駅からのアクセスも良好、カラオケ設備で、快適なひとときをお過ごしいただけます。,Chuo-ku,fukuoka-city, Fukuoka,,,,,,,,
,HOTEL CULLINAN （カリナン）【HAYAMA HOTELS】,福岡県 エリア検索 福岡県ラブホテル 福岡市ラブホテル 福岡市中央区ラブホテル HOTEL CULLINAN （カリナン）【HAYAMA HOTELS】,,https://couples.jp/hotel-details/21392,,HOTEL CULLINAN （カリナン）【HAYAMA HOTELS】は、那の津・港エリアに位置するホテルです。露天風呂やジャグジーを完備、駐車場あり、駅からのアクセスも良好で、快適なひとときをお過ごしいただけます。,Chuo-ku,fukuoka-city, Fukuoka,,,,,,,,
,HOTEL PALM GATE (ホテル パームゲート),福岡県 エリア検索 福岡県ラブホテル 福岡市ラブホテル 福岡市中央区ラブホテル HOTEL PALM GATE (ホテル パームゲート),,https://couples.jp/hotel-details/1998,,HOTEL PALM GATE (ホテル パームゲート)は、那の津・港エリアに位置するホテルです。駐車場あり、駅からのアクセスも良好、カラオケ設備で、快適なひとときをお過ごしいただけます。,Chuo-ku,fukuoka-city, Fukuoka,,,,,,,,
,ホテル DUO-M/DUO-F (ホテル デュオエム/デュオエフ),福岡県 エリア検索 福岡県ラブホテル 福岡市ラブホテル 福岡市中央区ラブホテル ホテル DUO-M/DUO-F (ホテル デュオエム/デュオエフ),,https://couples.jp/hotel-details/2990,,ホテル DUO-M/DUO-F (ホテル デュオエム/デュオエフ)は、那の津・港エリアに位置するホテルです。駐車場あり、駅からのアクセスも良好、カラオケ設備で、快適なひとときをお過ごしいただけます。,Chuo-ku,fukuoka-city, Fukuoka,,,,,,,,
,HOTEL SOL (ホテル ソル),福岡県 エリア検索 福岡県ラブホテル 福岡市ラブホテル 福岡市中央区ラブホテル HOTEL SOL (ホテル ソル),,https://couples.jp/hotel-details/2171,,HOTEL SOL (ホテル ソル)は、那の津・港エリアに位置するホテルです。駐車場あり、駅からのアクセスも良好、カラオケ設備で、快適なひとときをお過ごしいただけます。,Chuo-ku,fukuoka-city, Fukuoka,,,,,,,,
,チャペルココナッツ ホテル イポラニ 福岡,福岡県 エリア検索 福岡県ラブホテル 福岡市ラブホテル 福岡市中央区ラブホテル チャペルココナッツ ホテル イポラニ 福岡,,https://couples.jp/hotel-details/1143,,チャペルココナッツ ホテル イポラニ 福岡は、那の津・港エリアに位置するホテルです。露天風呂やジャグジーを完備、駐車場あり、駅からのアクセスも良好で、快適なひとときをお過ごしいただけます。,Chuo-ku,fukuoka-city, Fukuoka,,,,,,,,
,天然温泉 HOTEL 海 KAI,福岡県 エリア検索 福岡県ラブホテル 福岡市ラブホテル 福岡市中央区ラブホテル 天然温泉 HOTEL 海 KAI,,https://couples.jp/hotel-details/52212,,天然温泉 HOTEL 海 KAIは、那の津・港エリアに位置するホテルです。駐車場あり、駅からのアクセスも良好、カラオケ設備で、快適なひとときをお過ごしいただけます。,Chuo-ku,fukuoka-city, Fukuoka,,,,,,,,
,HOTEL ACQUA CITYBOYS (ホテル アクアシティーボーイズ),福岡県 エリア検索 福岡県ラブホテル 福岡市ラブホテル 福岡市西区ラブホテル HOTEL ACQUA CITYBOYS (ホテル アクアシティーボーイズ),,https://couples.jp/hotel-details/52227,,HOTEL ACQUA CITYBOYS (ホテル アクアシティーボーイズ)は、姪浜・糸島エリアに位置するホテルです。駐車場あり、駅からのアクセスも良好、Wi-Fi完備で、快適なひとときをお過ごしいただけます。,Nishi-ku,fukuoka-city, Fukuoka,,,,,,,,
,HOTEL M・Gate RESORT 【SLPホテルズ】,福岡県 エリア検索 福岡県ラブホテル 福岡市ラブホテル 福岡市西区ラブホテル HOTEL M・Gate RESORT 【SLPホテルズ】,,https://couples.jp/hotel-details/52225,,HOTEL M・Gate RESORT 【SLPホテルズ】は、姪浜・糸島エリアに位置するホテルです。露天風呂やジャグジーを完備、駐車場あり、駅からのアクセスも良好で、快適なひとときをお過ごしいただけます。,Nishi-ku,fukuoka-city, Fukuoka,,,,,,,,
,HOTEL ACQUA MYU (ホテル アクア ミュー),福岡県 エリア検索 福岡県ラブホテル 福岡市ラブホテル 福岡市西区ラブホテル HOTEL ACQUA MYU (ホテル アクア ミュー),,https://couples.jp/hotel-details/3607,,HOTEL ACQUA MYU (ホテル アクア ミュー)は、姪浜・糸島エリアに位置するホテルです。駐車場あり、駅からのアクセスも良好、Wi-Fi完備で、快適なひとときをお過ごしいただけます。,Nishi-ku,fukuoka-city, Fukuoka,,,,,,,,
,ホテル パサージュ フカエ,福岡県 エリア検索 福岡県ラブホテル 糸島市ラブホテル ホテル パサージュ フカエ,,https://couples.jp/hotel-details/3456,,ホテル パサージュ フカエは、姪浜・糸島エリアに位置するホテルです。駐車場あり、駅からのアクセスも良好、Wi-Fi完備で、快適なひとときをお過ごしいただけます。,Nishi-ku,fukuoka-city, Fukuoka,,,,,,,,
,くるくる倶楽部,福岡県 エリア検索 福岡県ラブホテル 糸島市ラブホテル くるくる倶楽部,,https://couples.jp/hotel-details/54754,,くるくる倶楽部は、姪浜・糸島エリアに位置するホテルです。駐車場あり、駅からのアクセスも良好で、快適なひとときをお過ごしいただけます。,Nishi-ku,fukuoka-city, Fukuoka,,,,,,,,
,ホテル K2 (ホテル ケーツー),福岡県 エリア検索 福岡県ラブホテル 糸島市ラブホテル ホテル K2 (ホテル ケーツー),,https://couples.jp/hotel-details/1869,,ホテル K2 (ホテル ケーツー)は、姪浜・糸島エリアに位置するホテルです。駐車場あり、駅からのアクセスも良好、カラオケ設備で、快適なひとときをお過ごしいただけます。,Nishi-ku,fukuoka-city, Fukuoka,,,,,,,,
,HOTEL SH(ホテル エスエッチ),福岡県 エリア検索 福岡県ラブホテル 糸島市ラブホテル HOTEL SH(ホテル エスエッチ),,https://couples.jp/hotel-details/2810,,HOTEL SH(ホテル エスエッチ)は、姪浜・糸島エリアに位置するホテルです。駐車場あり、駅からのアクセスも良好で、快適なひとときをお過ごしいただけます。,Nishi-ku,fukuoka-city, Fukuoka,,,,,,,,
,HOTEL ITO (ホテル イト) 【SLPホテルズ】,福岡県 エリア検索 福岡県ラブホテル 福岡市ラブホテル 福岡市西区ラブホテル HOTEL ITO (ホテル イト) 【SLPホテルズ】,,https://couples.jp/hotel-details/1873,,HOTEL ITO (ホテル イト) 【SLPホテルズ】は、姪浜・糸島エリアに位置するホテルです。露天風呂やジャグジーを完備、駐車場あり、駅からのアクセスも良好で、快適なひとときをお過ごしいただけます。,Nishi-ku,fukuoka-city, Fukuoka,,,,,,,,
,HOTEL M・Gate DREAM【SLPホテルズ】,福岡県 エリア検索 福岡県ラブホテル 福岡市ラブホテル 福岡市西区ラブホテル HOTEL M・Gate DREAM【SLPホテルズ】,,https://couples.jp/hotel-details/1822,,HOTEL M・Gate DREAM【SLPホテルズ】は、姪浜・糸島エリアに位置するホテルです。露天風呂やジャグジーを完備、駐車場あり、駅からのアクセスも良好で、快適なひとときをお過ごしいただけます。,Nishi-ku,fukuoka-city, Fukuoka,,,,,,,,
,ODO HOTEL (オド ホテル),福岡県 エリア検索 福岡県ラブホテル 福岡市ラブホテル 福岡市西区ラブホテル ODO HOTEL (オド ホテル),,https://couples.jp/hotel-details/21402,,ODO HOTEL (オド ホテル)は、姪浜・糸島エリアに位置するホテルです。駐車場あり、駅からのアクセスも良好、Wi-Fi完備で、快適なひとときをお過ごしいただけます。,Nishi-ku,fukuoka-city, Fukuoka,,,,,,,,
,ホテル パスポート,福岡県 エリア検索 福岡県ラブホテル 糸島市ラブホテル ホテル パスポート,,https://couples.jp/hotel-details/52287,,ホテル パスポートは、姪浜・糸島エリアに位置するホテルです。駅からのアクセスも良好で、快適なひとときをお過ごしいただけます。,Nishi-ku,fukuoka-city, Fukuoka,,,,,,,,
,ホテル パティオ,福岡県 エリア検索 福岡県ラブホテル 福岡市ラブホテル 福岡市城南区ラブホテル ホテル パティオ,,https://couples.jp/hotel-details/52232,,ホテル パティオは、西新・城南エリアに位置するホテルです。駅からのアクセスも良好で、快適なひとときをお過ごしいただけます。,Minami-ku,fukuoka-city, Fukuoka,,,,,,,,
,SKY HILLS FUKUOKA【スカイグループ】,福岡県 エリア検索 福岡県ラブホテル 福岡市ラブホテル 福岡市城南区ラブホテル SKY HILLS FUKUOKA【スカイグループ】,,https://couples.jp/hotel-details/2172,,SKY HILLS FUKUOKA【スカイグループ】は、西新・城南エリアに位置するホテルです。駐車場あり、駅からのアクセスも良好、カラオケ設備で、快適なひとときをお過ごしいただけます。,Minami-ku,fukuoka-city, Fukuoka,,,,,,,,
,ホテル ラブ ジュエル 小倉,福岡県 エリア検索 福岡県ラブホテル 北九州市ラブホテル 北九州市小倉南区ラブホテル ホテル ラブ ジュエル 小倉,,https://couples.jp/hotel-details/2200,,ホテル ラブ ジュエル 小倉は、小倉・門司エリアに位置するホテルです。露天風呂やジャグジーを完備、駐車場あり、駅からのアクセスも良好で、快適なひとときをお過ごしいただけます。,Minami-ku,fukuoka-city, Fukuoka,,,,,,,,
,レステイ 小倉,福岡県 エリア検索 福岡県ラブホテル 北九州市ラブホテル 北九州市小倉北区ラブホテル レステイ 小倉,,https://couples.jp/hotel-details/3542,,レステイ 小倉は、小倉・門司エリアに位置するホテルです。駐車場あり、駅からのアクセスも良好、カラオケ設備で、快適なひとときをお過ごしいただけます。,Kokurakita-ku,kitakyushu-city, Fukuoka,,,,,,,,
,HOTEL HARBOR LIGHT 門司,福岡県 エリア検索 福岡県ラブホテル 北九州市ラブホテル 北九州市門司区ラブホテル HOTEL HARBOR LIGHT 門司,,https://couples.jp/hotel-details/3261,,HOTEL HARBOR LIGHT 門司は、小倉・門司エリアに位置するホテルです。駐車場あり、駅からのアクセスも良好、カラオケ設備で、快適なひとときをお過ごしいただけます。,Moji-ku,kitakyushu-city, Fukuoka,,,,,,,,
,HOTEL Coco de Annex(ホテル ココデアネックス),福岡県 エリア検索 福岡県ラブホテル 北九州市ラブホテル 北九州市小倉北区ラブホテル HOTEL Coco de Annex(ホテル ココデアネックス),,https://couples.jp/hotel-details/1961,,HOTEL Coco de Annex(ホテル ココデアネックス)は、小倉・門司エリアに位置するホテルです。露天風呂やジャグジーを完備、駐車場あり、駅からのアクセスも良好で、快適なひとときをお過ごしいただけます。,Kokurakita-ku,kitakyushu-city, Fukuoka,100,500,,,,,,
,HOTEL MOJI（ホテル モジ）【SLPホテルズ】,福岡県 エリア検索 福岡県ラブホテル 北九州市ラブホテル 北九州市門司区ラブホテル HOTEL MOJI（ホテル モジ）【SLPホテルズ】,,https://couples.jp/hotel-details/2421,,HOTEL MOJI（ホテル モジ）【SLPホテルズ】は、小倉・門司エリアに位置するホテルです。露天風呂やジャグジーを完備、駐車場あり、駅からのアクセスも良好で、快適なひとときをお過ごしいただけます。,Moji-ku,kitakyushu-city, Fukuoka,,,,,,,,
,HOTEL C.(シードット) 小倉ベイ,福岡県 エリア検索 福岡県ラブホテル 北九州市ラブホテル 北九州市小倉北区ラブホテル HOTEL C.(シードット) 小倉ベイ,,https://couples.jp/hotel-details/1866,,HOTEL C.(シードット) 小倉ベイは、小倉・門司エリアに位置するホテルです。駐車場あり、駅からのアクセスも良好、Wi-Fi完備で、快適なひとときをお過ごしいただけます。,Kokurakita-ku,kitakyushu-city, Fukuoka,,,,,,,,
,HOTEL GRANDE (ホテル グランデ),福岡県 エリア検索 福岡県ラブホテル 北九州市ラブホテル 北九州市小倉北区ラブホテル HOTEL GRANDE (ホテル グランデ),,https://couples.jp/hotel-details/3476,,HOTEL GRANDE (ホテル グランデ)は、小倉・門司エリアに位置するホテルです。駐車場あり、駅からのアクセスも良好、カラオケ設備で、快適なひとときをお過ごしいただけます。,Kokurakita-ku,kitakyushu-city, Fukuoka,,,,,,,,
,HOTEL TiAMO (ホテル ティアモ),福岡県 エリア検索 福岡県ラブホテル 北九州市ラブホテル 北九州市小倉北区ラブホテル HOTEL TiAMO (ホテル ティアモ),,https://couples.jp/hotel-details/2397,,HOTEL TiAMO (ホテル ティアモ)は、小倉・門司エリアに位置するホテルです。駐車場あり、駅からのアクセスも良好、カラオケ設備で、快適なひとときをお過ごしいただけます。,Kokurakita-ku,kitakyushu-city, Fukuoka,,,,,,,,
,ホテル ベイヒルクラブ東小倉店,福岡県 エリア検索 福岡県ラブホテル 北九州市ラブホテル 北九州市小倉南区ラブホテル ホテル ベイヒルクラブ東小倉店,,https://couples.jp/hotel-details/1530,,ホテル ベイヒルクラブ東小倉店は、小倉・門司エリアに位置するホテルです。駐車場あり、駅からのアクセスも良好、カラオケ設備で、快適なひとときをお過ごしいただけます。,Minami-ku,fukuoka-city, Fukuoka,,,,,,,,
,HOTEL Luce (ホテル ルーチェ),福岡県 エリア検索 福岡県ラブホテル 北九州市ラブホテル 北九州市小倉南区ラブホテル HOTEL Luce (ホテル ルーチェ),,https://couples.jp/hotel-details/2396,,HOTEL Luce (ホテル ルーチェ)は、小倉・門司エリアに位置するホテルです。駐車場あり、駅からのアクセスも良好、Wi-Fi完備で、快適なひとときをお過ごしいただけます。,Minami-ku,fukuoka-city, Fukuoka,,,,,,,,
,ホテル 遊Lab【SLPホテルズ】,福岡県 エリア検索 福岡県ラブホテル 北九州市ラブホテル 北九州市小倉北区ラブホテル ホテル 遊Lab【SLPホテルズ】,,https://couples.jp/hotel-details/2398,,ホテル 遊Lab【SLPホテルズ】は、小倉・門司エリアに位置するホテルです。駐車場あり、駅からのアクセスも良好、Wi-Fi完備で、快適なひとときをお過ごしいただけます。,Kokurakita-ku,kitakyushu-city, Fukuoka,,,,,,,,
,レステイ ペントハウス,福岡県 エリア検索 福岡県ラブホテル 北九州市ラブホテル 北九州市小倉北区ラブホテル レステイ ペントハウス,,https://couples.jp/hotel-details/1657,,レステイ ペントハウスは、小倉・門司エリアに位置するホテルです。駐車場あり、駅からのアクセスも良好、カラオケ設備で、快適なひとときをお過ごしいただけます。,Kokurakita-ku,kitakyushu-city, Fukuoka,,,,,,,,
,HOTEL CUBE (ホテル キューブ),福岡県 エリア検索 福岡県ラブホテル 北九州市ラブホテル 北九州市小倉北区ラブホテル HOTEL CUBE (ホテル キューブ),,https://couples.jp/hotel-details/3475,,HOTEL CUBE (ホテル キューブ)は、小倉・門司エリアに位置するホテルです。駐車場あり、駅からのアクセスも良好、カラオケ設備で、快適なひとときをお過ごしいただけます。,Kokurakita-ku,kitakyushu-city, Fukuoka,,,,,,,,
,ホテル マリンビュー,福岡県 エリア検索 福岡県ラブホテル 北九州市ラブホテル 北九州市門司区ラブホテル ホテル マリンビュー,,https://couples.jp/hotel-details/1555,,ホテル マリンビューは、小倉・門司エリアに位置するホテルです。駐車場あり、駅からのアクセスも良好、Wi-Fi完備で、快適なひとときをお過ごしいただけます。,Moji-ku,kitakyushu-city, Fukuoka,,,,,,,,
,HOTEL C.(シードット) 小倉エスト,福岡県 エリア検索 福岡県ラブホテル 北九州市ラブホテル 北九州市小倉南区ラブホテル HOTEL C.(シードット) 小倉エスト,,https://couples.jp/hotel-details/2883,,HOTEL C.(シードット) 小倉エストは、小倉・門司エリアに位置するホテルです。駐車場あり、駅からのアクセスも良好、Wi-Fi完備で、快適なひとときをお過ごしいただけます。,Minami-ku,fukuoka-city, Fukuoka,,,,,,,,
,ホテル ラブ バレンシア＆ジャパン 小倉,福岡県 エリア検索 福岡県ラブホテル 北九州市ラブホテル 北九州市小倉南区ラブホテル ホテル ラブ バレンシア＆ジャパン 小倉,,https://couples.jp/hotel-details/1161,,ホテル ラブ バレンシア＆ジャパン 小倉は、小倉・門司エリアに位置するホテルです。駐車場あり、駅からのアクセスも良好、Wi-Fi完備で、快適なひとときをお過ごしいただけます。,Minami-ku,fukuoka-city, Fukuoka,,,,,,,,
,HOTEL LUANA (ルアナ) 【HAYAMA HOTELS】,福岡県 エリア検索 福岡県ラブホテル 北九州市ラブホテル 北九州市小倉北区ラブホテル HOTEL LUANA (ルアナ) 【HAYAMA HOTELS】,,https://couples.jp/hotel-details/2823,,HOTEL LUANA (ルアナ) 【HAYAMA HOTELS】は、小倉・門司エリアに位置するホテルです。駐車場あり、駅からのアクセスも良好、カラオケ設備で、快適なひとときをお過ごしいただけます。,Kokurakita-ku,kitakyushu-city, Fukuoka,,,,,,,,
,ホテル ラブ モダン 小倉,福岡県 エリア検索 福岡県ラブホテル 北九州市ラブホテル 北九州市小倉南区ラブホテル ホテル ラブ モダン 小倉,,https://couples.jp/hotel-details/2170,,ホテル ラブ モダン 小倉は、小倉・門司エリアに位置するホテルです。駐車場あり、駅からのアクセスも良好、カラオケ設備で、快適なひとときをお過ごしいただけます。,Minami-ku,fukuoka-city, Fukuoka,,,,,,,,
,HOTEL AZUL&MOV (ホテル アズール アンド モブ),福岡県 エリア検索 福岡県ラブホテル 北九州市ラブホテル 北九州市小倉北区ラブホテル HOTEL AZUL&MOV (ホテル アズール アンド モブ),,https://couples.jp/hotel-details/52174,,HOTEL AZUL&MOV (ホテル アズール アンド モブ)は、小倉・門司エリアに位置するホテルです。駐車場あり、駅からのアクセスも良好で、快適なひとときをお過ごしいただけます。,Kokurakita-ku,kitakyushu-city, Fukuoka,,,,,,,,
,HOTEL RINO (ホテル リノ),福岡県 エリア検索 福岡県ラブホテル 北九州市ラブホテル 北九州市小倉北区ラブホテル HOTEL RINO (ホテル リノ),,https://couples.jp/hotel-details/2194,,HOTEL RINO (ホテル リノ)は、小倉・門司エリアに位置するホテルです。駐車場あり、駅からのアクセスも良好で、快適なひとときをお過ごしいただけます。,Kokurakita-ku,kitakyushu-city, Fukuoka,,,,,,,,
,レステイ ウィンディ,福岡県 エリア検索 福岡県ラブホテル 北九州市ラブホテル 北九州市小倉北区ラブホテル レステイ ウィンディ,,https://couples.jp/hotel-details/70382,,レステイ ウィンディは、小倉・門司エリアに位置するホテルです。駅からのアクセスも良好で、快適なひとときをお過ごしいただけます。,Kokurakita-ku,kitakyushu-city, Fukuoka,,,,,,,,
,ホテル ドルフィン,福岡県 エリア検索 福岡県ラブホテル 北九州市ラブホテル 北九州市小倉北区ラブホテル ホテル ドルフィン,,https://couples.jp/hotel-details/52170,,ホテル ドルフィンは、小倉・門司エリアに位置するホテルです。駅からのアクセスも良好で、快適なひとときをお過ごしいただけます。,Kokurakita-ku,kitakyushu-city, Fukuoka,,,,,,,,
,ホテル ペガサス,福岡県 エリア検索 福岡県ラブホテル 北九州市ラブホテル 北九州市小倉北区ラブホテル ホテル ペガサス,,https://couples.jp/hotel-details/52171,,ホテル ペガサスは、小倉・門司エリアに位置するホテルです。駅からのアクセスも良好で、快適なひとときをお過ごしいただけます。,Kokurakita-ku,kitakyushu-city, Fukuoka,,,,,,,,
,ホテル 銀巴里倶楽部(ホテル ギンパリクラブ),福岡県 エリア検索 福岡県ラブホテル 北九州市ラブホテル 北九州市八幡西区ラブホテル ホテル 銀巴里倶楽部(ホテル ギンパリクラブ),,https://couples.jp/hotel-details/2891,,ホテル 銀巴里倶楽部(ホテル ギンパリクラブ)は、黒崎・八幡エリアに位置するホテルです。露天風呂やジャグジーを完備、駐車場あり、駅からのアクセスも良好で、快適なひとときをお過ごしいただけます。,Nishi-ku,fukuoka-city, Fukuoka,,,,,,,,
,ホテル せぞん,福岡県 エリア検索 福岡県ラブホテル 北九州市ラブホテル 北九州市戸畑区ラブホテル ホテル せぞん,,https://couples.jp/hotel-details/2406,,ホテル せぞんは、黒崎・八幡エリアに位置するホテルです。駐車場あり、駅からのアクセスも良好、カラオケ設備で、快適なひとときをお過ごしいただけます。,Kokurakita-ku,kitakyushu-city, Fukuoka,,,,,,,,
,HOTEL e-Resort (ホテル イーリゾート)【SLPホテルズ】,福岡県 エリア検索 福岡県ラブホテル 北九州市ラブホテル 北九州市八幡西区ラブホテル HOTEL e-Resort (ホテル イーリゾート)【SLPホテルズ】,,https://couples.jp/hotel-details/3605,,HOTEL e-Resort (ホテル イーリゾート)【SLPホテルズ】は、黒崎・八幡エリアに位置するホテルです。駐車場あり、駅からのアクセスも良好、Wi-Fi完備で、快適なひとときをお過ごしいただけます。,Nishi-ku,fukuoka-city, Fukuoka,,,,,,,,
,HOTEL SUBARU (ホテル スバル),福岡県 エリア検索 福岡県ラブホテル 北九州市ラブホテル 北九州市戸畑区ラブホテル HOTEL SUBARU (ホテル スバル),,https://couples.jp/hotel-details/3063,,HOTEL SUBARU (ホテル スバル)は、黒崎・八幡エリアに位置するホテルです。駐車場あり、駅からのアクセスも良好、カラオケ設備で、快適なひとときをお過ごしいただけます。,Kokurakita-ku,kitakyushu-city, Fukuoka,,,,,,,,
,HOTEL Z (ホテル ゼット)【SLPホテルズ】,福岡県 エリア検索 福岡県ラブホテル 北九州市ラブホテル 北九州市八幡西区ラブホテル HOTEL Z (ホテル ゼット)【SLPホテルズ】,,https://couples.jp/hotel-details/1652,,HOTEL Z (ホテル ゼット)【SLPホテルズ】は、黒崎・八幡エリアに位置するホテルです。駐車場あり、駅からのアクセスも良好、カラオケ設備で、快適なひとときをお過ごしいただけます。,Nishi-ku,fukuoka-city, Fukuoka,,,,,,,,
,HOTEL GAO5(ホテル ガオファイブ),福岡県 エリア検索 福岡県ラブホテル 北九州市ラブホテル 北九州市戸畑区ラブホテル HOTEL GAO5(ホテル ガオファイブ),,https://couples.jp/hotel-details/3081,,HOTEL GAO5(ホテル ガオファイブ)は、黒崎・八幡エリアに位置するホテルです。駐車場あり、駅からのアクセスも良好、カラオケ設備で、快適なひとときをお過ごしいただけます。,Kokurakita-ku,kitakyushu-city, Fukuoka,,,,,,,,
,ホテル ジェリー【SLPホテルズ】,福岡県 エリア検索 福岡県ラブホテル 北九州市ラブホテル 北九州市八幡西区ラブホテル ホテル ジェリー【SLPホテルズ】,,https://couples.jp/hotel-details/2258,,ホテル ジェリー【SLPホテルズ】は、黒崎・八幡エリアに位置するホテルです。駐車場あり、駅からのアクセスも良好、Wi-Fi完備で、快適なひとときをお過ごしいただけます。,Nishi-ku,fukuoka-city, Fukuoka,,,,,,,,
,HOTEL BLISS (ホテル ブリス),福岡県 エリア検索 福岡県ラブホテル 北九州市ラブホテル 北九州市八幡西区ラブホテル HOTEL BLISS (ホテル ブリス),,https://couples.jp/hotel-details/1999,,HOTEL BLISS (ホテル ブリス)は、黒崎・八幡エリアに位置するホテルです。駐車場あり、駅からのアクセスも良好、Wi-Fi完備で、快適なひとときをお過ごしいただけます。,Nishi-ku,fukuoka-city, Fukuoka,,,,,,,,
,ホテル 綾 (AYA),福岡県 エリア検索 福岡県ラブホテル 北九州市ラブホテル 北九州市八幡西区ラブホテル ホテル 綾 (AYA),,https://couples.jp/hotel-details/51660,,ホテル 綾 (AYA)は、黒崎・八幡エリアに位置するホテルです。露天風呂やジャグジーを完備、駐車場あり、駅からのアクセスも良好で、快適なひとときをお過ごしいただけます。,Nishi-ku,fukuoka-city, Fukuoka,,,,,,,,
,BOUQUET (ホテル ブーケ)【SLPホテルズ】,福岡県 エリア検索 福岡県ラブホテル 北九州市ラブホテル 北九州市八幡西区ラブホテル BOUQUET (ホテル ブーケ)【SLPホテルズ】,,https://couples.jp/hotel-details/1634,,BOUQUET (ホテル ブーケ)【SLPホテルズ】は、黒崎・八幡エリアに位置するホテルです。駐車場あり、駅からのアクセスも良好、カラオケ設備で、快適なひとときをお過ごしいただけます。,Nishi-ku,fukuoka-city, Fukuoka,,,,,,,,
,ホテル キーボックス,福岡県 エリア検索 福岡県ラブホテル 北九州市ラブホテル 北九州市八幡西区ラブホテル ホテル キーボックス,,https://couples.jp/hotel-details/21384,,ホテル キーボックスは、黒崎・八幡エリアに位置するホテルです。露天風呂やジャグジーを完備、駐車場あり、駅からのアクセスも良好で、快適なひとときをお過ごしいただけます。,Nishi-ku,fukuoka-city, Fukuoka,,,,,,,,
,HOTEL Little Prince(ホテル リトル プリンス),福岡県 エリア検索 福岡県ラブホテル 北九州市ラブホテル 北九州市八幡西区ラブホテル HOTEL Little Prince(ホテル リトル プリンス),,https://couples.jp/hotel-details/2516,,HOTEL Little Prince(ホテル リトル プリンス)は、黒崎・八幡エリアに位置するホテルです。露天風呂やジャグジーを完備、駐車場あり、駅からのアクセスも良好で、快適なひとときをお過ごしいただけます。,Nishi-ku,fukuoka-city, Fukuoka,,,,,,,,
,パルアネックス北九州,福岡県 エリア検索 福岡県ラブホテル 北九州市ラブホテル 北九州市戸畑区ラブホテル パルアネックス北九州,,https://couples.jp/hotel-details/2519,,パルアネックス北九州は、黒崎・八幡エリアに位置するホテルです。駐車場あり、駅からのアクセスも良好で、快適なひとときをお過ごしいただけます。,Kokurakita-ku,kitakyushu-city, Fukuoka,,,,,,,,
,ホテル おひるねラッコ 八幡,福岡県 エリア検索 福岡県ラブホテル 北九州市ラブホテル 北九州市八幡西区ラブホテル ホテル おひるねラッコ 八幡,,https://couples.jp/hotel-details/54946,,ホテル おひるねラッコ 八幡は、黒崎・八幡エリアに位置するホテルです。駐車場あり、駅からのアクセスも良好、Wi-Fi完備で、快適なひとときをお過ごしいただけます。,Nishi-ku,fukuoka-city, Fukuoka,,,,,,,,
,HOTEL LE CLUB LALA(ホテル ル・クラブ・ララ),福岡県 エリア検索 福岡県ラブホテル 北九州市ラブホテル 北九州市八幡西区ラブホテル HOTEL LE CLUB LALA(ホテル ル・クラブ・ララ),,https://couples.jp/hotel-details/2363,,HOTEL LE CLUB LALA(ホテル ル・クラブ・ララ)は、黒崎・八幡エリアに位置するホテルです。露天風呂やジャグジーを完備、駐車場あり、駅からのアクセスも良好で、快適なひとときをお過ごしいただけます。,Nishi-ku,fukuoka-city, Fukuoka,,,,,,,,
,HOTEL RAVELLO(ホテル ラヴァエッロ),福岡県 エリア検索 福岡県ラブホテル 北九州市ラブホテル 北九州市戸畑区ラブホテル HOTEL RAVELLO(ホテル ラヴァエッロ),,https://couples.jp/hotel-details/3052,,HOTEL RAVELLO(ホテル ラヴァエッロ)は、黒崎・八幡エリアに位置するホテルです。駐車場あり、駅からのアクセスも良好で、快適なひとときをお過ごしいただけます。,Kokurakita-ku,kitakyushu-city, Fukuoka,,,,,,,,
,HOTEL JuJu (ホテル ジュジュ),福岡県 エリア検索 福岡県ラブホテル 久留米市ラブホテル HOTEL JuJu (ホテル ジュジュ),,https://couples.jp/hotel-details/52246,,HOTEL JuJu (ホテル ジュジュ)は、久留米エリアに位置するホテルです。露天風呂やジャグジーを完備、駐車場あり、駅からのアクセスも良好で、快適なひとときをお過ごしいただけます。,Kurume,Kurume-shi, Fukuoka,,,,,,,,
,HOTEL VIPS Ⅱ,福岡県 エリア検索 福岡県ラブホテル 久留米市ラブホテル HOTEL VIPS Ⅱ,,https://couples.jp/hotel-details/21414,,HOTEL VIPS Ⅱは、久留米エリアに位置するホテルです。駐車場あり、駅からのアクセスも良好、Wi-Fi完備で、快適なひとときをお過ごしいただけます。,Kurume,Kurume-shi, Fukuoka,,,,,,,,
,ホテル 艶 (えん)【SLPホテルズ】,福岡県 エリア検索 福岡県ラブホテル 久留米市ラブホテル ホテル 艶 (えん)【SLPホテルズ】,,https://couples.jp/hotel-details/52192,,ホテル 艶 (えん)【SLPホテルズ】は、久留米エリアに位置するホテルです。駐車場あり、駅からのアクセスも良好、Wi-Fi完備で、快適なひとときをお過ごしいただけます。,Kurume,Kurume-shi, Fukuoka,,,,,,,,
,ホテル クロス【SLPホテルズ】,福岡県 エリア検索 福岡県ラブホテル 久留米市ラブホテル ホテル クロス【SLPホテルズ】,,https://couples.jp/hotel-details/3335,,ホテル クロス【SLPホテルズ】は、久留米エリアに位置するホテルです。駐車場あり、駅からのアクセスも良好、Wi-Fi完備で、快適なひとときをお過ごしいただけます。,Kurume,Kurume-shi, Fukuoka,,,,,,,,
,HOTEL MIX (ホテル ミックス)【SLPホテルズ】,福岡県 エリア検索 福岡県ラブホテル 久留米市ラブホテル HOTEL MIX (ホテル ミックス)【SLPホテルズ】,,https://couples.jp/hotel-details/52251,,HOTEL MIX (ホテル ミックス)【SLPホテルズ】は、久留米エリアに位置するホテルです。駐車場あり、駅からのアクセスも良好、Wi-Fi完備で、快適なひとときをお過ごしいただけます。,Kurume,Kurume-shi, Fukuoka,,,,,,,,
,ホテルクロス V・I・P【SLPホテルズ】,福岡県 エリア検索 福岡県ラブホテル 久留米市ラブホテル ホテルクロス V・I・P【SLPホテルズ】,,https://couples.jp/hotel-details/51670,,ホテルクロス V・I・P【SLPホテルズ】は、久留米エリアに位置するホテルです。駐車場あり、駅からのアクセスも良好、Wi-Fi完備で、快適なひとときをお過ごしいただけます。,Kurume,Kurume-shi, Fukuoka,,,,,,,,
,ホテル アール 久留米,福岡県 エリア検索 福岡県ラブホテル 久留米市ラブホテル ホテル アール 久留米,,https://couples.jp/hotel-details/2039,,ホテル アール 久留米は、久留米エリアに位置するホテルです。駐車場あり、駅からのアクセスも良好、Wi-Fi完備で、快適なひとときをお過ごしいただけます。,Kurume,Kurume-shi, Fukuoka,,,,,,,,
,ホテル ブルジュア 久留米,福岡県 エリア検索 福岡県ラブホテル 久留米市ラブホテル ホテル ブルジュア 久留米,,https://couples.jp/hotel-details/21433,,ホテル ブルジュア 久留米は、久留米エリアに位置するホテルです。露天風呂やジャグジーを完備、駐車場あり、駅からのアクセスも良好で、快適なひとときをお過ごしいただけます。,Kurume,Kurume-shi, Fukuoka,,,,,,,,
,HOTEL le MOCA（ル・モカ）【HAYAMA HOTELS】,福岡県 エリア検索 福岡県ラブホテル 久留米市ラブホテル HOTEL le MOCA（ル・モカ）【HAYAMA HOTELS】,,https://couples.jp/hotel-details/2749,,HOTEL le MOCA（ル・モカ）【HAYAMA HOTELS】は、久留米エリアに位置するホテルです。駐車場あり、駅からのアクセスも良好、Wi-Fi完備で、快適なひとときをお過ごしいただけます。,Kurume,Kurume-shi, Fukuoka,,,,,,,,
,ホテル 963【SLPホテルズ】,福岡県 エリア検索 福岡県ラブホテル 久留米市ラブホテル ホテル 963【SLPホテルズ】,,https://couples.jp/hotel-details/52247,,ホテル 963【SLPホテルズ】は、久留米エリアに位置するホテルです。駐車場あり、駅からのアクセスも良好、Wi-Fi完備で、快適なひとときをお過ごしいただけます。,Kurume,Kurume-shi, Fukuoka,,,,,,,,
,ホテル マイン,福岡県 エリア検索 福岡県ラブホテル 久留米市ラブホテル ホテル マイン,,https://couples.jp/hotel-details/2350,,ホテル マインは、久留米エリアに位置するホテルです。駐車場あり、駅からのアクセスも良好、カラオケ設備で、快適なひとときをお過ごしいただけます。,Kurume,Kurume-shi, Fukuoka,,,,,,,,
,HOTEL le bordeaux（ル・ボルドー）【HAYAMA HOTELS】,福岡県 エリア検索 福岡県ラブホテル 久留米市ラブホテル HOTEL le bordeaux（ル・ボルドー）【HAYAMA HOTELS】,,https://couples.jp/hotel-details/52243,,HOTEL le bordeaux（ル・ボルドー）【HAYAMA HOTELS】は、久留米エリアに位置するホテルです。駅からのアクセスも良好、Wi-Fi完備で、快適なひとときをお過ごしいただけます。,Kurume,Kurume-shi, Fukuoka,,,,,,,,
,ホテル おもちゃ箱,福岡県 エリア検索 福岡県ラブホテル 久留米市ラブホテル ホテル おもちゃ箱,,https://couples.jp/hotel-details/1525,,ホテル おもちゃ箱は、久留米エリアに位置するホテルです。駐車場あり、駅からのアクセスも良好、カラオケ設備で、快適なひとときをお過ごしいただけます。,Kurume,Kurume-shi, Fukuoka,,,,,,,,
,HOTELＧLuxury (ホテル Ｇラグジュアリー)【SLPホテルズ】,福岡県 エリア検索 福岡県ラブホテル 久留米市ラブホテル HOTELＧLuxury (ホテル Ｇラグジュアリー)【SLPホテルズ】,,https://couples.jp/hotel-details/52239,,HOTELＧLuxury (ホテル Ｇラグジュアリー)【SLPホテルズ】は、久留米エリアに位置するホテルです。駐車場あり、駅からのアクセスも良好、Wi-Fi完備で、快適なひとときをお過ごしいただけます。,Kurume,Kurume-shi, Fukuoka,,,,,,,,
,HOTEL B－IN アネックス,福岡県 エリア検索 福岡県ラブホテル 久留米市ラブホテル HOTEL B－IN アネックス,,https://couples.jp/hotel-details/21432,,HOTEL B－IN アネックスは、久留米エリアに位置するホテルです。駅からのアクセスも良好で、快適なひとときをお過ごしいただけます。,Kurume,Kurume-shi, Fukuoka,,,,,,,,
,ホテル ロッキィ,福岡県 エリア検索 福岡県ラブホテル 久留米市ラブホテル ホテル ロッキィ,,https://couples.jp/hotel-details/52252,,ホテル ロッキィは、久留米エリアに位置するホテルです。駅からのアクセスも良好で、快適なひとときをお過ごしいただけます。,Kurume,Kurume-shi, Fukuoka,,,,,,,,
,ホテル シルバー,福岡県 エリア検索 福岡県ラブホテル 久留米市ラブホテル ホテル シルバー,,https://couples.jp/hotel-details/21426,,ホテル シルバーは、久留米エリアに位置するホテルです。駐車場あり、駅からのアクセスも良好で、快適なひとときをお過ごしいただけます。,Kurume,Kurume-shi, Fukuoka,,,,,,,,
,ホテル蘭,福岡県 エリア検索 福岡県ラブホテル 久留米市ラブホテル ホテル蘭,,https://couples.jp/hotel-details/51671,,ホテル蘭は、久留米エリアに位置するホテルです。駅からのアクセスも良好で、快適なひとときをお過ごしいただけます。,Kurume,Kurume-shi, Fukuoka,,,,,,,,
,HOTEL PALMAROSA,福岡県 エリア検索 福岡県ラブホテル 久留米市ラブホテル HOTEL PALMAROSA,,https://couples.jp/hotel-details/21416,,HOTEL PALMAROSAは、久留米エリアに位置するホテルです。駅からのアクセスも良好で、快適なひとときをお過ごしいただけます。,Kurume,Kurume-shi, Fukuoka,,,,,,,,
,HOTEL Sen (ホテル セン),福岡県 エリア検索 福岡県ラブホテル 遠賀郡ラブホテル HOTEL Sen (ホテル セン),,https://couples.jp/hotel-details/11009,,HOTEL Sen (ホテル セン)は、遠賀エリアに位置するホテルです。露天風呂やジャグジーを完備、駐車場あり、駅からのアクセスも良好で、快適なひとときをお過ごしいただけます。,Onga,Nakama-shi, Fukuoka,,,,,,,,
,HOTEL COCO (ホテル ココ),福岡県 エリア検索 福岡県ラブホテル 遠賀郡ラブホテル HOTEL COCO (ホテル ココ),,https://couples.jp/hotel-details/3117,,HOTEL COCO (ホテル ココ)は、遠賀エリアに位置するホテルです。駐車場あり、駅からのアクセスも良好、カラオケ設備で、快適なひとときをお過ごしいただけます。,Onga,Nakama-shi, Fukuoka,,,,,,,,
,シーライフリゾートホテル【キラリグループ】,福岡県 エリア検索 福岡県ラブホテル 遠賀郡ラブホテル シーライフリゾートホテル【キラリグループ】,,https://couples.jp/hotel-details/1653,,シーライフリゾートホテル【キラリグループ】は、遠賀エリアに位置するホテルです。露天風呂やジャグジーを完備、駐車場あり、駅からのアクセスも良好で、快適なひとときをお過ごしいただけます。,Onga,Nakama-shi, Fukuoka,,,,,,,,
,パルホテル遠賀,福岡県 エリア検索 福岡県ラブホテル 遠賀郡ラブホテル パルホテル遠賀,,https://couples.jp/hotel-details/2009,,パルホテル遠賀は、遠賀エリアに位置するホテルです。駐車場あり、駅からのアクセスも良好、Wi-Fi完備で、快適なひとときをお過ごしいただけます。,Onga,Nakama-shi, Fukuoka,,,,,,,,
,HOTEL JOYplus (ホテル ジョイプラス),福岡県 エリア検索 福岡県ラブホテル 遠賀郡ラブホテル HOTEL JOYplus (ホテル ジョイプラス),,https://couples.jp/hotel-details/1658,,HOTEL JOYplus (ホテル ジョイプラス)は、遠賀エリアに位置するホテルです。駐車場あり、駅からのアクセスも良好、カラオケ設備で、快適なひとときをお過ごしいただけます。,Onga,Nakama-shi, Fukuoka,,,,,,,,
,HOTEL LieN （ホテル リアン）【キラリグループ】,福岡県 エリア検索 福岡県ラブホテル 遠賀郡ラブホテル HOTEL LieN （ホテル リアン）【キラリグループ】,,https://couples.jp/hotel-details/1556,,HOTEL LieN （ホテル リアン）【キラリグループ】は、遠賀エリアに位置するホテルです。露天風呂やジャグジーを完備、駐車場あり、駅からのアクセスも良好で、快適なひとときをお過ごしいただけます。,Onga,Nakama-shi, Fukuoka,,,,,,,,
,HOTEL JOY (ホテル ジョイ),福岡県 エリア検索 福岡県ラブホテル 遠賀郡ラブホテル HOTEL JOY (ホテル ジョイ),,https://couples.jp/hotel-details/3425,,HOTEL JOY (ホテル ジョイ)は、遠賀エリアに位置するホテルです。駐車場あり、駅からのアクセスも良好、カラオケ設備で、快適なひとときをお過ごしいただけます。,Onga,Nakama-shi, Fukuoka,,,,,,,,
,ホテル ムーラン,福岡県 エリア検索 福岡県ラブホテル 遠賀郡ラブホテル ホテル ムーラン,,https://couples.jp/hotel-details/21400,,ホテル ムーランは、遠賀エリアに位置するホテルです。駅からのアクセスも良好で、快適なひとときをお過ごしいただけます。,Onga,Nakama-shi, Fukuoka,,,,,,,,
,パルホテル芦屋,福岡県 エリア検索 福岡県ラブホテル 遠賀郡ラブホテル パルホテル芦屋,,https://couples.jp/hotel-details/2010,,パルホテル芦屋は、遠賀エリアに位置するホテルです。駐車場あり、駅からのアクセスも良好で、快適なひとときをお過ごしいただけます。,Onga,Nakama-shi, Fukuoka,,,,,,,,
,HOTEL F-1,福岡県 エリア検索 福岡県ラブホテル 中間市ラブホテル HOTEL F-1,,https://couples.jp/hotel-details/52278,,HOTEL F-1は、遠賀エリアに位置するホテルです。駅からのアクセスも良好で、快適なひとときをお過ごしいただけます。,Onga,Nakama-shi, Fukuoka,,,,,,,,
,HOTEL GAO６(ホテル ガオシックス),福岡県 エリア検索 福岡県ラブホテル 飯塚市ラブホテル HOTEL GAO６(ホテル ガオシックス),,https://couples.jp/hotel-details/21408,,HOTEL GAO６(ホテル ガオシックス)は、飯塚エリアに位置するホテルです。駐車場あり、駅からのアクセスも良好、Wi-Fi完備で、快適なひとときをお過ごしいただけます。,Iizuka,Iizuka-shi, Fukuoka,,,,,,,,
,HOTEL YUME (ホテル ユメ),福岡県 エリア検索 福岡県ラブホテル 飯塚市ラブホテル HOTEL YUME (ホテル ユメ),,https://couples.jp/hotel-details/3597,,HOTEL YUME (ホテル ユメ)は、飯塚エリアに位置するホテルです。駐車場あり、駅からのアクセスも良好で、快適なひとときをお過ごしいただけます。,Iizuka,Iizuka-shi, Fukuoka,,,,,,,,
,天然温泉 HOTEL 森の湯 wooods (ウッズ),福岡県 エリア検索 福岡県ラブホテル 飯塚市ラブホテル 天然温泉 HOTEL 森の湯 wooods (ウッズ),,https://couples.jp/hotel-details/2260,,天然温泉 HOTEL 森の湯 wooods (ウッズ)は、飯塚エリアに位置するホテルです。露天風呂やジャグジーを完備、駐車場あり、駅からのアクセスも良好で、快適なひとときをお過ごしいただけます。,Iizuka,Iizuka-shi, Fukuoka,,,,,,,,
,HOTEL MUZE （ミュゼ）【HAYAMA HOTELS】,福岡県 エリア検索 福岡県ラブホテル 飯塚市ラブホテル HOTEL MUZE （ミュゼ）【HAYAMA HOTELS】,,https://couples.jp/hotel-details/1630,,HOTEL MUZE （ミュゼ）【HAYAMA HOTELS】は、飯塚エリアに位置するホテルです。駐車場あり、駅からのアクセスも良好、カラオケ設備で、快適なひとときをお過ごしいただけます。,Iizuka,Iizuka-shi, Fukuoka,,,,,,,,
,HOTEL BAMBOO (バンブー)【HAYAMA HOTELS】,福岡県 エリア検索 福岡県ラブホテル 飯塚市ラブホテル HOTEL BAMBOO (バンブー)【HAYAMA HOTELS】,,https://couples.jp/hotel-details/51673,,HOTEL BAMBOO (バンブー)【HAYAMA HOTELS】は、飯塚エリアに位置するホテルです。露天風呂やジャグジーを完備、駐車場あり、駅からのアクセスも良好で、快適なひとときをお過ごしいただけます。,Iizuka,Iizuka-shi, Fukuoka,,,,,,,,
,ホテル ムーンライト,福岡県 エリア検索 福岡県ラブホテル 飯塚市ラブホテル ホテル ムーンライト,,https://couples.jp/hotel-details/52264,,ホテル ムーンライトは、飯塚エリアに位置するホテルです。駅からのアクセスも良好で、快適なひとときをお過ごしいただけます。,Iizuka,Iizuka-shi, Fukuoka,,,,,,,,
,ホテル びっくり箱,福岡県 エリア検索 福岡県ラブホテル 飯塚市ラブホテル ホテル びっくり箱,,https://couples.jp/hotel-details/52262,,ホテル びっくり箱は、飯塚エリアに位置するホテルです。駐車場あり、駅からのアクセスも良好で、快適なひとときをお過ごしいただけます。,Iizuka,Iizuka-shi, Fukuoka,,,,,,,,
,ホテル かぼちゃの馬車 飯塚店,福岡県 エリア検索 福岡県ラブホテル 飯塚市ラブホテル ホテル かぼちゃの馬車 飯塚店,,https://couples.jp/hotel-details/51672,,ホテル かぼちゃの馬車 飯塚店は、飯塚エリアに位置するホテルです。駐車場あり、駅からのアクセスも良好で、快適なひとときをお過ごしいただけます。,Iizuka,Iizuka-shi, Fukuoka,,,,,,,,
,HOTEL いろ葉168 (ホテル イロハ 168),福岡県 エリア検索 福岡県ラブホテル 飯塚市ラブホテル HOTEL いろ葉168 (ホテル イロハ 168),,https://couples.jp/hotel-details/1954,,HOTEL いろ葉168 (ホテル イロハ 168)は、飯塚エリアに位置するホテルです。駐車場あり、駅からのアクセスも良好で、快適なひとときをお過ごしいただけます。,Iizuka,Iizuka-shi, Fukuoka,,,,,,,,
,アップルハウス,福岡県 エリア検索 福岡県ラブホテル 飯塚市ラブホテル アップルハウス,,https://couples.jp/hotel-details/53944,,アップルハウスは、飯塚エリアに位置するホテルです。駅からのアクセスも良好で、快適なひとときをお過ごしいただけます。,Iizuka,Iizuka-shi, Fukuoka,,,,,,,,
,ホテル アレグリア,福岡県 エリア検索 福岡県ラブホテル 柳川市ラブホテル ホテル アレグリア,,https://couples.jp/hotel-details/54658,,ホテル アレグリアは、大牟田・柳川エリアに位置するホテルです。駐車場あり、駅からのアクセスも良好、Wi-Fi完備で、快適なひとときをお過ごしいただけます。,Omuta,Omuta-shi, Fukuoka,,,,,,,,
,ホテル リップスティック,福岡県 エリア検索 福岡県ラブホテル 柳川市ラブホテル ホテル リップスティック,,https://couples.jp/hotel-details/54561,,ホテル リップスティックは、大牟田・柳川エリアに位置するホテルです。駐車場あり、駅からのアクセスも良好、Wi-Fi完備で、快適なひとときをお過ごしいただけます。,Omuta,Omuta-shi, Fukuoka,,,,,,,,
,SETAKA倶楽部,福岡県 エリア検索 福岡県ラブホテル みやま市ラブホテル SETAKA倶楽部,,https://couples.jp/hotel-details/52295,,SETAKA倶楽部は、大牟田・柳川エリアに位置するホテルです。駐車場あり、駅からのアクセスも良好で、快適なひとときをお過ごしいただけます。,Omuta,Omuta-shi, Fukuoka,,,,,,,,
,ホテル レスポアール【キラリグループ】,福岡県 エリア検索 福岡県ラブホテル 大牟田市ラブホテル ホテル レスポアール【キラリグループ】,,https://couples.jp/hotel-details/52290,,ホテル レスポアール【キラリグループ】は、大牟田・柳川エリアに位置するホテルです。駐車場あり、駅からのアクセスも良好、カラオケ設備で、快適なひとときをお過ごしいただけます。,Omuta,Omuta-shi, Fukuoka,,,,,,,,
,おとぼけビーバー リーベ 大牟田,福岡県 エリア検索 福岡県ラブホテル 大牟田市ラブホテル おとぼけビーバー リーベ 大牟田,,https://couples.jp/hotel-details/11026,,おとぼけビーバー リーベ 大牟田は、大牟田・柳川エリアに位置するホテルです。駐車場あり、駅からのアクセスも良好、カラオケ設備で、快適なひとときをお過ごしいただけます。,Omuta,Omuta-shi, Fukuoka,,,,,,,,
,HOTEL CHANCE（チャンス）【HAYAMA HOTELS】,福岡県 エリア検索 福岡県ラブホテル 大牟田市ラブホテル HOTEL CHANCE（チャンス）【HAYAMA HOTELS】,,https://couples.jp/hotel-details/21423,,HOTEL CHANCE（チャンス）【HAYAMA HOTELS】は、大牟田・柳川エリアに位置するホテルです。駐車場あり、駅からのアクセスも良好、カラオケ設備で、快適なひとときをお過ごしいただけます。,Omuta,Omuta-shi, Fukuoka,,,,,,,,
,ホテル パステル イン ラフォーレ,福岡県 エリア検索 福岡県ラブホテル 大牟田市ラブホテル ホテル パステル イン ラフォーレ,,https://couples.jp/hotel-details/3570,,ホテル パステル イン ラフォーレは、大牟田・柳川エリアに位置するホテルです。駐車場あり、駅からのアクセスも良好、Wi-Fi完備で、快適なひとときをお過ごしいただけます。,Omuta,Omuta-shi, Fukuoka,,,,,,,,
,WENDY HOUSE (ウェンディ ハウス),福岡県 エリア検索 福岡県ラブホテル 大牟田市ラブホテル WENDY HOUSE (ウェンディ ハウス),,https://couples.jp/hotel-details/52233,,WENDY HOUSE (ウェンディ ハウス)は、大牟田・柳川エリアに位置するホテルです。駅からのアクセスも良好で、快適なひとときをお過ごしいただけます。,Omuta,Omuta-shi, Fukuoka,,,,,,,,
,プチ・トランタン,福岡県 エリア検索 福岡県ラブホテル みやま市ラブホテル プチ・トランタン,,https://couples.jp/hotel-details/52296,,プチ・トランタンは、大牟田・柳川エリアに位置するホテルです。駅からのアクセスも良好で、快適なひとときをお過ごしいただけます。,Omuta,Omuta-shi, Fukuoka,,,,,,,,
,HOTEL ENZO (ホテル エンツォ),福岡県 エリア検索 福岡県ラブホテル 豊前市ラブホテル HOTEL ENZO (ホテル エンツォ),,https://couples.jp/hotel-details/3443,,HOTEL ENZO (ホテル エンツォ)は、行橋・京築エリアに位置するホテルです。駐車場あり、駅からのアクセスも良好、カラオケ設備で、快適なひとときをお過ごしいただけます。,Yukuhashi,Yukuhashi-shi, Fukuoka,,,,,,,,
,HOTEL 森の湯 cuscus (ホテル 森の湯 クスクス),福岡県 エリア検索 福岡県ラブホテル 京都郡ラブホテル HOTEL 森の湯 cuscus (ホテル 森の湯 クスクス),,https://couples.jp/hotel-details/2518,,HOTEL 森の湯 cuscus (ホテル 森の湯 クスクス)は、行橋・京築エリアに位置するホテルです。露天風呂やジャグジーを完備、駐車場あり、駅からのアクセスも良好で、快適なひとときをお過ごしいただけます。,Yukuhashi,Yukuhashi-shi, Fukuoka,,,,,,,,
,ホテル ベイヒルクラブ 空港口店,福岡県 エリア検索 福岡県ラブホテル 京都郡ラブホテル ホテル ベイヒルクラブ 空港口店,,https://couples.jp/hotel-details/1529,,ホテル ベイヒルクラブ 空港口店は、行橋・京築エリアに位置するホテルです。露天風呂やジャグジーを完備、駐車場あり、駅からのアクセスも良好で、快適なひとときをお過ごしいただけます。,Yukuhashi,Yukuhashi-shi, Fukuoka,,,,,,,,
,Bella Vista (ベラビスタ),福岡県 エリア検索 福岡県ラブホテル 行橋市ラブホテル Bella Vista (ベラビスタ),,https://couples.jp/hotel-details/52275,,Bella Vista (ベラビスタ)は、行橋・京築エリアに位置するホテルです。駐車場あり、駅からのアクセスも良好、Wi-Fi完備で、快適なひとときをお過ごしいただけます。,Yukuhashi,Yukuhashi-shi, Fukuoka,,,,,,,,
,ホテル 1・3上毛店,福岡県 エリア検索 福岡県ラブホテル 築上郡ラブホテル ホテル 1・3上毛店,,https://couples.jp/hotel-details/52318,,ホテル 1・3上毛店は、行橋・京築エリアに位置するホテルです。駅からのアクセスも良好で、快適なひとときをお過ごしいただけます。,Yukuhashi,Yukuhashi-shi, Fukuoka,,,,,,,,
,ホテル じゅんこ,福岡県 エリア検索 福岡県ラブホテル 築上郡ラブホテル ホテル じゅんこ,,https://couples.jp/hotel-details/51694,,ホテル じゅんこは、行橋・京築エリアに位置するホテルです。駅からのアクセスも良好で、快適なひとときをお過ごしいただけます。,Yukuhashi,Yukuhashi-shi, Fukuoka,,,,,,,,
,パルアネックス 勝山,福岡県 エリア検索 福岡県ラブホテル 京都郡ラブホテル パルアネックス 勝山,,https://couples.jp/hotel-details/3342,,パルアネックス 勝山は、行橋・京築エリアに位置するホテルです。駐車場あり、駅からのアクセスも良好で、快適なひとときをお過ごしいただけます。,Yukuhashi,Yukuhashi-shi, Fukuoka,,,,,,,,
,コンセプトホテル FUN(ファン)【SLPホテルズ】,福岡県 エリア検索 福岡県ラブホテル 京都郡ラブホテル コンセプトホテル FUN(ファン)【SLPホテルズ】,,https://couples.jp/hotel-details/2978,,コンセプトホテル FUN(ファン)【SLPホテルズ】は、行橋・京築エリアに位置するホテルです。駐車場あり、駅からのアクセスも良好で、快適なひとときをお過ごしいただけます。,Yukuhashi,Yukuhashi-shi, Fukuoka,,,,,,,,
,HOTEL le bonheur（ル・ボヌール）【HAYAMA HOTELS】,福岡県 エリア検索 福岡県ラブホテル 八女市ラブホテル HOTEL le bonheur（ル・ボヌール）【HAYAMA HOTELS】,,https://couples.jp/hotel-details/53893,,HOTEL le bonheur（ル・ボヌール）【HAYAMA HOTELS】は、八女・筑後エリアに位置するホテルです。露天風呂やジャグジーを完備、駐車場あり、駅からのアクセスも良好で、快適なひとときをお過ごしいただけます。,Yame,Yame-shi, Fukuoka,,,,,,,,
,HOTEL SOLA (ホテル ソラ),福岡県 エリア検索 福岡県ラブホテル 八女市ラブホテル HOTEL SOLA (ホテル ソラ),,https://couples.jp/hotel-details/1742,,HOTEL SOLA (ホテル ソラ)は、八女・筑後エリアに位置するホテルです。駐車場あり、駅からのアクセスも良好、Wi-Fi完備で、快適なひとときをお過ごしいただけます。,Yame,Yame-shi, Fukuoka,,,,,,,,
,HOTEL HANABI (ホテル ハナビ),福岡県 エリア検索 福岡県ラブホテル 筑後市ラブホテル HOTEL HANABI (ホテル ハナビ),,https://couples.jp/hotel-details/2326,,HOTEL HANABI (ホテル ハナビ)は、八女・筑後エリアに位置するホテルです。駐車場あり、駅からのアクセスも良好、カラオケ設備で、快適なひとときをお過ごしいただけます。,Yame,Yame-shi, Fukuoka,,,,,,,,
,SKYCLUB (スカイクラブ) 【スカイグループ】,福岡県 エリア検索 福岡県ラブホテル 八女市ラブホテル SKYCLUB (スカイクラブ) 【スカイグループ】,,https://couples.jp/hotel-details/2319,,SKYCLUB (スカイクラブ) 【スカイグループ】は、八女・筑後エリアに位置するホテルです。駐車場あり、駅からのアクセスも良好、カラオケ設備で、快適なひとときをお過ごしいただけます。,Yame,Yame-shi, Fukuoka,,,,,,,,
,HOTEL YOUME TSUKASA (ホテル ユメ ツカサ)【ツカサグループ】,福岡県 エリア検索 福岡県ラブホテル 八女市ラブホテル HOTEL YOUME TSUKASA (ホテル ユメ ツカサ)【ツカサグループ】,,https://couples.jp/hotel-details/1567,,HOTEL YOUME TSUKASA (ホテル ユメ ツカサ)【ツカサグループ】は、八女・筑後エリアに位置するホテルです。駐車場あり、駅からのアクセスも良好、カラオケ設備で、快適なひとときをお過ごしいただけます。,Yame,Yame-shi, Fukuoka,,,,,,,,
,HOTEL YM (ホテル ワイエム),福岡県 エリア検索 福岡県ラブホテル 八女市ラブホテル HOTEL YM (ホテル ワイエム),,https://couples.jp/hotel-details/52273,,HOTEL YM (ホテル ワイエム)は、八女・筑後エリアに位置するホテルです。駅からのアクセスも良好で、快適なひとときをお過ごしいただけます。,Yame,Yame-shi, Fukuoka,,,,,,,,
,Hotel Le Club PLUS 1 (ホテル ルクラブ プラスワン),福岡県 エリア検索 福岡県ラブホテル 糟屋郡ラブホテル Hotel Le Club PLUS 1 (ホテル ルクラブ プラスワン),,https://couples.jp/hotel-details/3061,,Hotel Le Club PLUS 1 (ホテル ルクラブ プラスワン)は、新宮・粕屋エリアに位置するホテルです。駐車場あり、駅からのアクセスも良好、カラオケ設備で、快適なひとときをお過ごしいただけます。,Koga,Koga-shi, Fukuoka,,,,,,,,
,HOTEL LARK（ラーク）【HAYAMA HOTELS】,福岡県 エリア検索 福岡県ラブホテル 古賀市ラブホテル HOTEL LARK（ラーク）【HAYAMA HOTELS】,,https://couples.jp/hotel-details/2906,,HOTEL LARK（ラーク）【HAYAMA HOTELS】は、新宮・粕屋エリアに位置するホテルです。駐車場あり、駅からのアクセスも良好、カラオケ設備で、快適なひとときをお過ごしいただけます。,Koga,Koga-shi, Fukuoka,,,,,,,,
,HOTEL O（オー）【HAYAMA HOTELS】,福岡県 エリア検索 福岡県ラブホテル 糟屋郡ラブホテル HOTEL O（オー）【HAYAMA HOTELS】,,https://couples.jp/hotel-details/2820,,HOTEL O（オー）【HAYAMA HOTELS】は、新宮・粕屋エリアに位置するホテルです。駐車場あり、駅からのアクセスも良好、Wi-Fi完備で、快適なひとときをお過ごしいただけます。,Koga,Koga-shi, Fukuoka,,1000,,,,,,
,HOTEL ESPO （エスポ）【HAYAMA HOTELS】,福岡県 エリア検索 福岡県ラブホテル 福岡市ラブホテル 福岡市東区ラブホテル HOTEL ESPO （エスポ）【HAYAMA HOTELS】,,https://couples.jp/hotel-details/2424,,HOTEL ESPO （エスポ）【HAYAMA HOTELS】は、新宮・粕屋エリアに位置するホテルです。露天風呂やジャグジーを完備、駐車場あり、駅からのアクセスも良好で、快適なひとときをお過ごしいただけます。,Higashi-ku,fukuoka-city, Fukuoka,,,,,,,,
,HOTEL MODENA（モデナ）【HAYAMA HOTELS】,福岡県 エリア検索 福岡県ラブホテル 糟屋郡ラブホテル HOTEL MODENA（モデナ）【HAYAMA HOTELS】,,https://couples.jp/hotel-details/2815,,HOTEL MODENA（モデナ）【HAYAMA HOTELS】は、新宮・粕屋エリアに位置するホテルです。駐車場あり、駅からのアクセスも良好、Wi-Fi完備で、快適なひとときをお過ごしいただけます。,Koga,Koga-shi, Fukuoka,,,,,,,,
,HOTEL HAYAMA (ホテル 葉山) 【HAYAMA HOTELS】,福岡県 エリア検索 福岡県ラブホテル 糟屋郡ラブホテル HOTEL HAYAMA (ホテル 葉山) 【HAYAMA HOTELS】,,https://couples.jp/hotel-details/2814,,HOTEL HAYAMA (ホテル 葉山) 【HAYAMA HOTELS】は、新宮・粕屋エリアに位置するホテルです。駐車場あり、駅からのアクセスも良好、Wi-Fi完備で、快適なひとときをお過ごしいただけます。,Koga,Koga-shi, Fukuoka,,,,,,,,
,HOTEL VERAGIO (ホテル ベラジオ),福岡県 エリア検索 福岡県ラブホテル 糟屋郡ラブホテル HOTEL VERAGIO (ホテル ベラジオ),,https://couples.jp/hotel-details/2353,,HOTEL VERAGIO (ホテル ベラジオ)は、新宮・粕屋エリアに位置するホテルです。駐車場あり、駅からのアクセスも良好、カラオケ設備で、快適なひとときをお過ごしいただけます。,Koga,Koga-shi, Fukuoka,,,,,,,,
,Hotel Le Club 606 (ホテル ルクラブ ロクマルロク),福岡県 エリア検索 福岡県ラブホテル 糟屋郡ラブホテル Hotel Le Club 606 (ホテル ルクラブ ロクマルロク),,https://couples.jp/hotel-details/3051,,Hotel Le Club 606 (ホテル ルクラブ ロクマルロク)は、新宮・粕屋エリアに位置するホテルです。駐車場あり、駅からのアクセスも良好で、快適なひとときをお過ごしいただけます。,Koga,Koga-shi, Fukuoka,,,,,,,,
,HOTEL JOY seaside (ホテル ジョイ シーサイド),福岡県 エリア検索 福岡県ラブホテル 宗像市ラブホテル HOTEL JOY seaside (ホテル ジョイ シーサイド),,https://couples.jp/hotel-details/3427,,HOTEL JOY seaside (ホテル ジョイ シーサイド)は、宗像・福津エリアに位置するホテルです。駐車場あり、駅からのアクセスも良好、カラオケ設備で、快適なひとときをお過ごしいただけます。,Munakata,Munakata-shi, Fukuoka,,,,,,,,
,ホテル アイヒルズ【SLPホテルズ】,福岡県 エリア検索 福岡県ラブホテル 宗像市ラブホテル ホテル アイヒルズ【SLPホテルズ】,,https://couples.jp/hotel-details/3164,,ホテル アイヒルズ【SLPホテルズ】は、宗像・福津エリアに位置するホテルです。駐車場あり、駅からのアクセスも良好、カラオケ設備で、快適なひとときをお過ごしいただけます。,Munakata,Munakata-shi, Fukuoka,,,,,,,,
,パルホテル宗像,福岡県 エリア検索 福岡県ラブホテル 宗像市ラブホテル パルホテル宗像,,https://couples.jp/hotel-details/2011,,パルホテル宗像は、宗像・福津エリアに位置するホテルです。駐車場あり、駅からのアクセスも良好で、快適なひとときをお過ごしいただけます。,Munakata,Munakata-shi, Fukuoka,,,,,,,,
,パルアネックス 宗像,福岡県 エリア検索 福岡県ラブホテル 宗像市ラブホテル パルアネックス 宗像,,https://couples.jp/hotel-details/1756,,パルアネックス 宗像は、宗像・福津エリアに位置するホテルです。駐車場あり、駅からのアクセスも良好で、快適なひとときをお過ごしいただけます。,Munakata,Munakata-shi, Fukuoka,,,,,,,,
,HOTEL Green (ホテル グリーン),福岡県 エリア検索 福岡県ラブホテル 三井郡ラブホテル HOTEL Green (ホテル グリーン),,https://couples.jp/hotel-details/52313,,HOTEL Green (ホテル グリーン)は、朝倉・小郡エリアに位置するホテルです。駐車場あり、駅からのアクセスも良好、カラオケ設備で、快適なひとときをお過ごしいただけます。,Asakura,Asakura-shi, Fukuoka,,,,,,,,
,HOTEL CROSS 原鶴乃湯 (ホテル クロス 原鶴乃湯) 【SLPホテルズ】,福岡県 エリア検索 福岡県ラブホテル 朝倉市ラブホテル HOTEL CROSS 原鶴乃湯 (ホテル クロス 原鶴乃湯) 【SLPホテルズ】,,https://couples.jp/hotel-details/52294,,HOTEL CROSS 原鶴乃湯 (ホテル クロス 原鶴乃湯) 【SLPホテルズ】は、朝倉・小郡エリアに位置するホテルです。駐車場あり、駅からのアクセスも良好、Wi-Fi完備で、快適なひとときをお過ごしいただけます。,Asakura,Asakura-shi, Fukuoka,,,,,,,,
,HOTEL LUNA (ホテル ルナ),福岡県 エリア検索 福岡県ラブホテル 小郡市ラブホテル HOTEL LUNA (ホテル ルナ),,https://couples.jp/hotel-details/2505,,HOTEL LUNA (ホテル ルナ)は、朝倉・小郡エリアに位置するホテルです。駐車場あり、駅からのアクセスも良好、カラオケ設備で、快適なひとときをお過ごしいただけます。,Asakura,Asakura-shi, Fukuoka,,,,,,,,
,HOTEL JustTime 甘木 (ジャストタイム甘木),福岡県 エリア検索 福岡県ラブホテル 朝倉市ラブホテル HOTEL JustTime 甘木 (ジャストタイム甘木),,https://couples.jp/hotel-details/53942,,HOTEL JustTime 甘木 (ジャストタイム甘木)は、朝倉・小郡エリアに位置するホテルです。駐車場あり、駅からのアクセスも良好で、快適なひとときをお過ごしいただけます。,Asakura,Asakura-shi, Fukuoka,,,,,,,,
,ホテル コンサートの森,福岡県 エリア検索 福岡県ラブホテル 小郡市ラブホテル ホテル コンサートの森,,https://couples.jp/hotel-details/3214,,ホテル コンサートの森は、朝倉・小郡エリアに位置するホテルです。駐車場あり、駅からのアクセスも良好、Wi-Fi完備で、快適なひとときをお過ごしいただけます。,Asakura,Asakura-shi, Fukuoka,,,,,,,,
,ホテル ヴィラミュール,福岡県 エリア検索 福岡県ラブホテル 小郡市ラブホテル ホテル ヴィラミュール,,https://couples.jp/hotel-details/1740,,ホテル ヴィラミュールは、朝倉・小郡エリアに位置するホテルです。駐車場あり、駅からのアクセスも良好、Wi-Fi完備で、快適なひとときをお過ごしいただけます。,Asakura,Asakura-shi, Fukuoka,,,,,,,,
,HOTEL CROSS BEYOND (ホテル クロスビヨンド)【SLPホテルズ】,福岡県 エリア検索 福岡県ラブホテル 朝倉市ラブホテル HOTEL CROSS BEYOND (ホテル クロスビヨンド)【SLPホテルズ】,,https://couples.jp/hotel-details/52293,,HOTEL CROSS BEYOND (ホテル クロスビヨンド)【SLPホテルズ】は、朝倉・小郡エリアに位置するホテルです。駐車場あり、駅からのアクセスも良好、Wi-Fi完備で、快適なひとときをお過ごしいただけます。,Asakura,Asakura-shi, Fukuoka,,,,,,,,
,ホテル ウィンズ 18,福岡県 エリア検索 福岡県ラブホテル 朝倉市ラブホテル ホテル ウィンズ 18,,https://couples.jp/hotel-details/52292,,ホテル ウィンズ 18は、朝倉・小郡エリアに位置するホテルです。駅からのアクセスも良好で、快適なひとときをお過ごしいただけます。,Asakura,Asakura-shi, Fukuoka,,,,,,,,
,ホテル LOVE【SLPホテルズ】,福岡県 エリア検索 福岡県ラブホテル うきは市ラブホテル ホテル LOVE【SLPホテルズ】,,https://couples.jp/hotel-details/51684,,ホテル LOVE【SLPホテルズ】は、朝倉・小郡エリアに位置するホテルです。駅からのアクセスも良好で、快適なひとときをお過ごしいただけます。,Asakura,Asakura-shi, Fukuoka,,,,,,,,
,ホテル フレア,福岡県 エリア検索 福岡県ラブホテル 朝倉市ラブホテル ホテル フレア,,https://couples.jp/hotel-details/54804,,ホテル フレアは、朝倉・小郡エリアに位置するホテルです。駅からのアクセスも良好で、快適なひとときをお過ごしいただけます。,Asakura,Asakura-shi, Fukuoka,,,,,,,,
,HOTEL 桜【SLPホテルズ】,福岡県 エリア検索 福岡県ラブホテル うきは市ラブホテル HOTEL 桜【SLPホテルズ】,,https://couples.jp/hotel-details/51683,,HOTEL 桜【SLPホテルズ】は、朝倉・小郡エリアに位置するホテルです。駅からのアクセスも良好で、快適なひとときをお過ごしいただけます。,Asakura,Asakura-shi, Fukuoka,,,,,,,,
,HOTEL MIYAVI ROYAL (ホテル ミヤビ ロワイヤル),福岡県 エリア検索 福岡県ラブホテル 那珂川市ラブホテル HOTEL MIYAVI ROYAL (ホテル ミヤビ ロワイヤル),,https://couples.jp/hotel-details/1868,,HOTEL MIYAVI ROYAL (ホテル ミヤビ ロワイヤル)は、筑紫野・那珂川エリアに位置するホテルです。露天風呂やジャグジーを完備、駐車場あり、駅からのアクセスも良好で、快適なひとときをお過ごしいただけます。,Chikushino,Chikushino-shi, Fukuoka,,,,,,,,
,HOTEL anan (ホテル アンアン),福岡県 エリア検索 福岡県ラブホテル 筑紫野市ラブホテル HOTEL anan (ホテル アンアン),,https://couples.jp/hotel-details/52281,,HOTEL anan (ホテル アンアン)は、筑紫野・那珂川エリアに位置するホテルです。駐車場あり、駅からのアクセスも良好で、快適なひとときをお過ごしいただけます。,Chikushino,Chikushino-shi, Fukuoka,,,,,,,,
,ホテル パリエ,福岡県 エリア検索 福岡県ラブホテル 那珂川市ラブホテル ホテル パリエ,,https://couples.jp/hotel-details/1727,,ホテル パリエは、筑紫野・那珂川エリアに位置するホテルです。駐車場あり、駅からのアクセスも良好で、快適なひとときをお過ごしいただけます。,Chikushino,Chikushino-shi, Fukuoka,,,,,,,,
,ホテル グリーンボックスⅠ・Ⅱ,福岡県 エリア検索 福岡県ラブホテル 宮若市ラブホテル ホテル グリーンボックスⅠ・Ⅱ,,https://couples.jp/hotel-details/52291,,ホテル グリーンボックスⅠ・Ⅱは、直方・鞍手エリアに位置するホテルです。露天風呂やジャグジーを完備、駐車場あり、駅からのアクセスも良好で、快適なひとときをお過ごしいただけます。,Nogata,Nogata-shi, Fukuoka,,,,,,,,
,ホテル Le・Bois (ルボワ)【SLPホテルズ】,福岡県 エリア検索 福岡県ラブホテル 鞍手郡ラブホテル ホテル Le・Bois (ルボワ)【SLPホテルズ】,,https://couples.jp/hotel-details/52312,,ホテル Le・Bois (ルボワ)【SLPホテルズ】は、直方・鞍手エリアに位置するホテルです。駐車場あり、駅からのアクセスも良好、Wi-Fi完備で、快適なひとときをお過ごしいただけます。,Nogata,Nogata-shi, Fukuoka,,,,,,,,
,HOTEL BELL Ⅰ・Ⅱ,福岡県 エリア検索 福岡県ラブホテル 鞍手郡ラブホテル HOTEL BELL Ⅰ・Ⅱ,,https://couples.jp/hotel-details/52311,,HOTEL BELL Ⅰ・Ⅱは、直方・鞍手エリアに位置するホテルです。駐車場あり、駅からのアクセスも良好、カラオケ設備で、快適なひとときをお過ごしいただけます。,Nogata,Nogata-shi, Fukuoka,,,,,,,,
,ホテル メルヘン,福岡県 エリア検索 福岡県ラブホテル 鞍手郡ラブホテル ホテル メルヘン,,https://couples.jp/hotel-details/3272,,ホテル メルヘンは、直方・鞍手エリアに位置するホテルです。露天風呂やジャグジーを完備、駐車場あり、駅からのアクセスも良好で、快適なひとときをお過ごしいただけます。,Nogata,Nogata-shi, Fukuoka,,,,,,,,
,HOTEL 風の丘 SKIP (ホテル 風の丘 スキップ),福岡県 エリア検索 福岡県ラブホテル 田川郡ラブホテル HOTEL 風の丘 SKIP (ホテル 風の丘 スキップ),,https://couples.jp/hotel-details/2517,,HOTEL 風の丘 SKIP (ホテル 風の丘 スキップ)は、田川エリアに位置するホテルです。駐車場あり、駅からのアクセスも良好、カラオケ設備で、快適なひとときをお過ごしいただけます。,Tagawa,Tagawa-shi, Fukuoka,,,,,,,,
,HOTEL アルフィ,福岡県 エリア検索 福岡県ラブホテル 田川市ラブホテル HOTEL アルフィ,,https://couples.jp/hotel-details/21412,,HOTEL アルフィは、田川エリアに位置するホテルです。駅からのアクセスも良好で、快適なひとときをお過ごしいただけます。,Tagawa,Tagawa-shi, Fukuoka,,,,,,,,